Date,Area,Location,Activity,Incident Type,Fatal?,Address
4-Jan-06,Florida,"Round Island Park, Indian River County",Surfing,Unprovoked,Non-fatal,"Round Island Park, Indian River County,Florida,USA"
18-Jan-06,California,"Santa Cruz, Santa Cruz County",Surfing,Unprovoked,Non-fatal,"Santa Cruz, Santa Cruz County,California,USA"
27-Feb-06,Hawaii,"Makena Landing, Maui",Standing,Unprovoked,Non-fatal,"Makena Landing, Maui,Hawaii,USA"
23-Mar-06,Hawaii,"Chun's Reef, Oahu",Surfing,Unprovoked,Non-fatal,"Chun's Reef, Oahu,Hawaii,USA"
3-Apr-06,Florida,"Marco Island, Collier County",Wading,Unprovoked,Non-fatal,"Marco Island, Collier County,Florida,USA"
19-Apr-06,Florida,"Daytona Beach, Volusia County",Standing,Unprovoked,Non-fatal,"Daytona Beach, Volusia County,Florida,USA"
21-Apr-06,Florida,"Sebastian Inlet, Brevard County",Surfing,Unprovoked,Non-fatal,"Sebastian Inlet, Brevard County,Florida,USA"
4-May-06,Florida,"Hutchinson Island, St. Lucie County",Swimming,Unprovoked,Non-fatal,"Hutchinson Island, St. Lucie County,Florida,USA"
29-Aug-16,Florida,"New Smyrna Beach, Volusia County",Surfing,Unprovoked,Non-fatal,"New Smyrna Beach, Volusia County,Florida,USA"
23-Apr-16,Florida,"New Smyrna Beach, Volusia County",Surfing,Unprovoked,Non-fatal,"New Smyrna Beach, Volusia County,Florida,USA"
27-May-06,Hawaii,"North Shore, O'ahu",Surfing,Unprovoked,Non-fatal,"North Shore, O'ahu,Hawaii,USA"
31-May-06,Hawaii,"North Shore, O'ahu",Spearfishing,Unprovoked,Non-fatal,"North Shore, O'ahu,Hawaii,USA"
7-Jun-06,South Carolina,"Coligny Beach, Hilton Head, Beaufort County",Playing in the water,Unprovoked,Non-fatal,"Coligny Beach, Hilton Head, Beaufort County,South Carolina,USA"
15-Jun-06,Florida,"New Smyrna Beach, Volusia County",Surfing,Unprovoked,Non-fatal,"New Smyrna Beach, Volusia County,Florida,USA"
17-Jun-06,California,"Monterey, Monterey County",Scuba diving,Unprovoked,Non-fatal,"Monterey, Monterey County,California,USA"
20-Jun-06,Florida,"New Smyrna Beach, Volusia County",Surfing,Unprovoked,Non-fatal,"New Smyrna Beach, Volusia County,Florida,USA"
27-Jun-06,Florida,"Hutchinson Island, St. Lucie County",Playing in the water,Unprovoked,Non-fatal,"Hutchinson Island, St. Lucie County,Florida,USA"
1-Jul-06,Florida,"Florida Keys, Monroe County",Spearfishing,Unprovoked,Non-fatal,"Florida Keys, Monroe County,Florida,USA"
1-Jul-06,Florida,"Florida Keys, Monroe County",Spearfishing,Unprovoked,Non-fatal,"Florida Keys, Monroe County,Florida,USA"
8-Jul-06,Florida,"Playalinda Beach, Canaveral National Seashore, Brevard County",Swimming,Unprovoked,Non-fatal,"Playalinda Beach, Canaveral National Seashore, Brevard County,Florida,USA"
8-Jul-06,South Carolina,"Debordieu Beach, Georgetown County",Boogie Boarding,Unprovoked,Non-fatal,"Debordieu Beach, Georgetown County,South Carolina,USA"
9-Jul-06,Florida,"Ponte Vedra Beach, St Johns County",Standing,Unprovoked,Non-fatal,"Ponte Vedra Beach, St Johns County,Florida,USA"
9-Jul-06,Florida,"New Smyrna Beach, Volusia County",Wading,Unprovoked,Non-fatal,"New Smyrna Beach, Volusia County,Florida,USA"
12-Jul-06,South Carolina,"Kiawah Island, Charleston County",Swimming,Unprovoked,Non-fatal,"Kiawah Island, Charleston County,South Carolina,USA"
17-Jul-06,South Carolina,"Singleton Beach, Hilton Head Island, Beaufort County",Standing,Unprovoked,Non-fatal,"Singleton Beach, Hilton Head Island, Beaufort County,South Carolina,USA"
23-Jul-06,Texas,"Sargent Beach, Matagorda County",Fishing,Unprovoked,Non-fatal,"Sargent Beach, Matagorda County,Texas,USA"
25-Jul-06,Florida,"New Smyrna Beach, Volusia County",Surfing,Unprovoked,Non-fatal,"New Smyrna Beach, Volusia County,Florida,USA"
29-Jul-06,Florida,"Playalinda Beach, Canaveral National Seashore, Brevard County",Surfing,Unprovoked,Non-fatal,"Playalinda Beach, Canaveral National Seashore, Brevard County,Florida,USA"
31-Jul-06,Oregon,Oswald State Park,Surfing,Unprovoked,Non-fatal,"Oswald State Park,Oregon,USA"
1-Aug-06,North Carolina,"Masonboro Island, New Hanover County",Wading,Unprovoked,Non-fatal,"Masonboro Island, New Hanover County,North Carolina,USA"
29-Aug-06,Oregon,"Florence, Lane County",Surfing,Unprovoked,Non-fatal,"Florence, Lane County,Oregon,USA"
2-Sep-06,Florida,"New Smyrna Beach, Volusia County",Swimming,Unprovoked,Non-fatal,"New Smyrna Beach, Volusia County,Florida,USA"
3-Sep-06,Florida,"New Smyrna Beach, Volusia County",Standing,Unprovoked,Non-fatal,"New Smyrna Beach, Volusia County,Florida,USA"
11-Sep-06,Florida,"New Smyrna Beach, Volusia County",Surfing,Unprovoked,Non-fatal,"New Smyrna Beach, Volusia County,Florida,USA"
14-Sep-06,Florida,"Singer Island, Riviera Beach",Swimming,Unprovoked,Non-fatal,"Singer Island, Riviera Beach,Florida,USA"
4-Aug-16,Florida,"New Smyrna Beach, Volusia County",Surfing,Unprovoked,Non-fatal,"New Smyrna Beach, Volusia County,Florida,USA"
29-Sep-06,Florida,"New Smyrna Beach, Volusia County",Surfing,Unprovoked,Non-fatal,"New Smyrna Beach, Volusia County,Florida,USA"
5-Oct-06,Florida,"New Smyrna Beach, Volusia County",Playing in the water,Unprovoked,Non-fatal,"New Smyrna Beach, Volusia County,Florida,USA"
7-Oct-06,Texas,"Isla Blanca Park, South Padre Island",Surfing,Unprovoked,Non-fatal,"Isla Blanca Park, South Padre Island,Texas,USA"
10-Oct-06,Florida,"Daytona Beach, Volusia County",Surfing,Unprovoked,Non-fatal,"Daytona Beach, Volusia County,Florida,USA"
16-Oct-06,Florida,"Sebastian Inlet, Brevard County",Fishing,Unprovoked,Non-fatal,"Sebastian Inlet, Brevard County,Florida,USA"
31-Oct-06,Oregon,"Siletz River mouth, Lincoln County",Surfing,Unprovoked,Non-fatal,"Siletz River mouth, Lincoln County,Oregon,USA"
11-Nov-06,Hawaii,"Kihei, Maui",Swimming,Unprovoked,Non-fatal,"Kihei, Maui,Hawaii,USA"
10-Dec-06,California,"Dillon Beach, Marin County",Surfing,Unprovoked,Non-fatal,"Dillon Beach, Marin County,California,USA"
1-Jan-07,Hawaii,"Majors Bay, Kaua'i",Surfing,Unprovoked,Non-fatal,"Majors Bay, Kaua'i,Hawaii,USA"
11-Mar-07,Florida,"Tiger Shores Beach, Martin County",Surfing,Unprovoked,Non-fatal,"Tiger Shores Beach, Martin County,Florida,USA"
21-Mar-07,Florida,"Jupiter Beach, Palm Beach County",Surfing,Unprovoked,Non-fatal,"Jupiter Beach, Palm Beach County,Florida,USA"
29-Aug-16,Florida,"New Smyrna Beach, Volusia County",Surfing,Unprovoked,Non-fatal,"New Smyrna Beach, Volusia County,Florida,USA"
31-Mar-07,Florida,"Normandy Beach, Hutchinson Island, St. Lucie County",Surfing,Unprovoked,Non-fatal,"Normandy Beach, Hutchinson Island, St. Lucie County,Florida,USA"
1-Apr-07,Florida,"New Smyrna Beach, Volusia County",Playing in the water,Unprovoked,Non-fatal,"New Smyrna Beach, Volusia County,Florida,USA"
20-Apr-07,Florida,"New Smyrna Beach, Volusia County",Surfing,Unprovoked,Non-fatal,"New Smyrna Beach, Volusia County,Florida,USA"
22-Apr-07,Florida,"Hutchinson Island, St. Lucie County",Boogie Boarding,Unprovoked,Non-fatal,"Hutchinson Island, St. Lucie County,Florida,USA"
7-May-07,Florida,Naples,Swimming,Unprovoked,Non-fatal,"Naples,Florida,USA"
7-May-07,Hawaii,"Keawekapu Beach, Kihei, Maui",Snorkeling,Unprovoked,Non-fatal,"Keawekapu Beach, Kihei, Maui,Hawaii,USA"
10-May-07,Florida,"New Smyrna Beach, Volusia County",Surfing,Unprovoked,Non-fatal,"New Smyrna Beach, Volusia County,Florida,USA"
26-May-07,South Carolina,Garden City,Wading,Unprovoked,Non-fatal,"Garden City,South Carolina,USA"
12-Jun-07,Florida,"Turtle Beach, Siesta Key, Sarasota County",Swimming,Unprovoked,Non-fatal,"Turtle Beach, Siesta Key, Sarasota County,Florida,USA"
24-Jun-07,Hawaii,"Silva's Channel, Mokuleia, O'ahu",Surfing,Unprovoked,Non-fatal,"Silva's Channel, Mokuleia, O'ahu,Hawaii,USA"
25-Jun-07,Florida,"New Smyrna Beach, Volusia County",Surfing,Unprovoked,Non-fatal,"New Smyrna Beach, Volusia County,Florida,USA"
30-Jun-07,California,"Will Rogers State Beach, Los Angeles County",Swimming,Unprovoked,Non-fatal,"Will Rogers State Beach, Los Angeles County,California,USA"
5-Jul-07,Florida,"Ponce Inlet, New Smyrna Beach, Volusia County",Surfing,Unprovoked,Non-fatal,"Ponce Inlet, New Smyrna Beach, Volusia County,Florida,USA"
17-Jul-07,North Carolina,"Atlantic Beach, Carteret County",Wading,Unprovoked,Non-fatal,"Atlantic Beach, Carteret County,North Carolina,USA"
18-Jul-07,North Carolina,"North Topsail Beach, Onslow County",Swimming,Unprovoked,Non-fatal,"North Topsail Beach, Onslow County,North Carolina,USA"
19-Jul-07,Hawaii,"Bellows Beach near Wailea Point, O’ahu",Snorkeling,Unprovoked,Non-fatal,"Bellows Beach near Wailea Point, O’ahu,Hawaii,USA"
22-Jul-07,California,"Malibu, Los Angeles County",Boogie Boarding,Unprovoked,Non-fatal,"Malibu, Los Angeles County,California,USA"
28-Jul-07,California,"Imperial Beach, San Diego County",Surfing,Unprovoked,Non-fatal,"Imperial Beach, San Diego County,California,USA"
29-Jul-07,Florida,"Ponce Inlet, New Smyrna Beach, Volusia County",Surfing,Unprovoked,Non-fatal,"Ponce Inlet, New Smyrna Beach, Volusia County,Florida,USA"
7-Aug-07,Florida,"Islamorada Founder's Park, Plantation Key, Monroe County",Playing in the water,Unprovoked,Non-fatal,"Islamorada Founder's Park, Plantation Key, Monroe County,Florida,USA"
9-Aug-07,South Carolina,"Isle of Palms, Charleston County",Boogie Boarding,Unprovoked,Non-fatal,"Isle of Palms, Charleston County,South Carolina,USA"
9-Aug-07,South Carolina,"Isle of Palms, Charleston County",Swimming,Unprovoked,Non-fatal,"Isle of Palms, Charleston County,South Carolina,USA"
11-Aug-07,Florida,"Ponce Inlet, New Smyrna Beach, Volusia County",Standing,Unprovoked,Non-fatal,"Ponce Inlet, New Smyrna Beach, Volusia County,Florida,USA"
12-Aug-07,Florida,"New Smyrna Beach, Volusia County",Swimming,Unprovoked,Non-fatal,"New Smyrna Beach, Volusia County,Florida,USA"
15-Aug-07,Florida,Sarasota Bay,Floating,Unprovoked,Non-fatal,"Sarasota Bay,Florida,USA"
19-Aug-07,South Carolina,"Lakewood Campground, Grand Strand, Horry County",Playing in the water,Unprovoked,Non-fatal,"Lakewood Campground, Grand Strand, Horry County,South Carolina,USA"
19-Aug-07,Florida,"New Smyrna Beach, Volusia County",Surfing,Unprovoked,Non-fatal,"New Smyrna Beach, Volusia County,Florida,USA"
19-Aug-07,Florida,"Islamorada Founder's Park, Plantation Key, Monroe County",Swimming,Unprovoked,Non-fatal,"Islamorada Founder's Park, Plantation Key, Monroe County,Florida,USA"
25-Aug-07,Florida,"New Smyrna Beach, Volusia County",Surfing,Unprovoked,Non-fatal,"New Smyrna Beach, Volusia County,Florida,USA"
26-Aug-07,Florida,"New Smyrna Beach, Volusia County",Surfing,Unprovoked,Non-fatal,"New Smyrna Beach, Volusia County,Florida,USA"
28-Aug-07,California,"Marina State Beach, Monterey County",Surfing,Unprovoked,Non-fatal,"Marina State Beach, Monterey County,California,USA"
28-Aug-07,Hawaii,"Ka'a'awa, Oahu",Boogie Boarding,Unprovoked,Non-fatal,"Ka'a'awa, Oahu,Hawaii,USA"
3-Sep-07,Florida,Fort Lauderdale,Swimming,Unprovoked,Non-fatal,"Fort Lauderdale,Florida,USA"
3-Sep-07,Florida,"Daytona Beach, Volusia County",Playing in the water,Unprovoked,Non-fatal,"Daytona Beach, Volusia County,Florida,USA"
4-Sep-07,South Carolina,Sullivan's Island,Standing,Unprovoked,Non-fatal,"Sullivan's Island,South Carolina,USA"
5-Sep-07,Florida,"Daytona Beach, Volusia County",Wading,Unprovoked,Non-fatal,"Daytona Beach, Volusia County,Florida,USA"
8-Sep-07,Florida,"Pepper Park Beach, St. Lucie County",Wading,Unprovoked,Non-fatal,"Pepper Park Beach, St. Lucie County,Florida,USA"
13-Sep-07,Florida,"Lauderdale-by-the-Sea, Broward County",Snorkeling,Unprovoked,Non-fatal,"Lauderdale-by-the-Sea, Broward County,Florida,USA"
16-Sep-07,Florida,"Flagler Beach, Flagler County",Surfing,Unprovoked,Non-fatal,"Flagler Beach, Flagler County,Florida,USA"
16-Sep-07,Florida,"New Smyrna Beach, Volusia County",Wading,Unprovoked,Non-fatal,"New Smyrna Beach, Volusia County,Florida,USA"
20-Sep-07,Florida,"New Smyrna Beach, Volusia County",Surfing,Unprovoked,Non-fatal,"New Smyrna Beach, Volusia County,Florida,USA"
22-Sep-07,Florida,"Hugenot Beach , Jacksonville, Duval County",Surfing,Unprovoked,Non-fatal,"Hugenot Beach , Jacksonville, Duval County,Florida,USA"
27-Sep-07,California,"Moonstone Beach, Humboldt County",Surfing,Unprovoked,Non-fatal,"Moonstone Beach, Humboldt County,California,USA"
30-Sep-07,California,"Santa Monica, Los Angeles County",Surfing,Unprovoked,Non-fatal,"Santa Monica, Los Angeles County,California,USA"
6-Oct-07,Florida,"Playalinda Beach, Canaveral National Seashore, Brevard County",Surfing,Unprovoked,Non-fatal,"Playalinda Beach, Canaveral National Seashore, Brevard County,Florida,USA"
7-Oct-07,California,"Venice Pier, Venice, Los Angeles County",Surfing,Unprovoked,Non-fatal,"Venice Pier, Venice, Los Angeles County,California,USA"
29-Oct-07,Hawaii,"Waiehu, Maui",Floating,Unprovoked,Non-fatal,"Waiehu, Maui,Hawaii,USA"
4-Nov-07,Florida,"Round Island Park, Indian River County",Surfing,Unprovoked,Non-fatal,"Round Island Park, Indian River County,Florida,USA"
6-Nov-07,Florida,"New Smyrna Beach, Volusia County",Surfing,Unprovoked,Non-fatal,"New Smyrna Beach, Volusia County,Florida,USA"
10-Dec-07,Hawaii,"Waialua Bay, O'ahu",Surfing,Unprovoked,Non-fatal,"Waialua Bay, O'ahu,Hawaii,USA"
10-Jan-08,Florida,"Playalinda Beach, Canaveral National Seashore, Brevard County",Surfing,Unprovoked,Non-fatal,"Playalinda Beach, Canaveral National Seashore, Brevard County,Florida,USA"
6-Feb-08,Florida,"Opposite Patrick Air Force Base, Brevard County",Kite Surfing,Unprovoked,Non-fatal,"Opposite Patrick Air Force Base, Brevard County,Florida,USA"
15-Feb-08,Florida,"Ponce Inlet, New Smyrna Beach, Volusia County",Surfing,Unprovoked,Non-fatal,"Ponce Inlet, New Smyrna Beach, Volusia County,Florida,USA"
7-Mar-08,California,"Huntington Beach, Orange County",Surfing,Unprovoked,Non-fatal,"Huntington Beach, Orange County,California,USA"
15-Mar-08,Florida,"Lovers Key State Park, Bonita Springs, Lee County",Jet skiing,Unprovoked,Non-fatal,"Lovers Key State Park, Bonita Springs, Lee County,Florida,USA"
21-Mar-08,Florida,"Beachway Avenue Approach, New Smyrna Beach, Volusia County",Wading,Unprovoked,Non-fatal,"Beachway Avenue Approach, New Smyrna Beach, Volusia County,Florida,USA"
23-Mar-08,Florida,"Ponce de Leon Jetty, New Smyrna Beach, Volusia County",Standing,Unprovoked,Non-fatal,"Ponce de Leon Jetty, New Smyrna Beach, Volusia County,Florida,USA"
25-Mar-08,Florida,"Palm Beach Shores, Palm Beach County",Wading,Unprovoked,Non-fatal,"Palm Beach Shores, Palm Beach County,Florida,USA"
28-Mar-08,Florida,"Cocoa Beach, Brevard County",Boogie Boarding,Unprovoked,Non-fatal,"Cocoa Beach, Brevard County,Florida,USA"
28-Mar-08,Florida,"New Smyrna Beach, Volusia County",Surfing,Unprovoked,Non-fatal,"New Smyrna Beach, Volusia County,Florida,USA"
3-Apr-08,Florida,"Ponce de Leon Jetty, New Smyrna Beach, Volusia County",Standing,Unprovoked,Non-fatal,"Ponce de Leon Jetty, New Smyrna Beach, Volusia County,Florida,USA"
8-Apr-08,Florida,"New Smyrna Beach, Volusia County",Surfing,Unprovoked,Non-fatal,"New Smyrna Beach, Volusia County,Florida,USA"
15-Apr-08,Florida,"Playalinda Beach, Canaveral National Seashore, Brevard County",Surfing,Unprovoked,Non-fatal,"Playalinda Beach, Canaveral National Seashore, Brevard County,Florida,USA"
20-Apr-08,Florida,"New Smyrna Beach, Volusia County",Surfing,Unprovoked,Non-fatal,"New Smyrna Beach, Volusia County,Florida,USA"
25-Apr-08,California,"Solana Beach, San Diego County",Swimming,Unprovoked,Fatal,"Solana Beach, San Diego County,California,USA"
27-Apr-08,Florida,"New Smyrna Beach, Volusia County",Surfing,Unprovoked,Non-fatal,"New Smyrna Beach, Volusia County,Florida,USA"
28-Apr-08,Florida,"New Smyrna Beach, Volusia County",Surfing,Unprovoked,Non-fatal,"New Smyrna Beach, Volusia County,Florida,USA"
7-May-08,Florida,"New Smyrna Beach, Volusia County",Wading,Unprovoked,Non-fatal,"New Smyrna Beach, Volusia County,Florida,USA"
26-May-08,North Carolina,"Hammocks Beach State Park, Bear Island, Onslow County",Surfing,Unprovoked,Non-fatal,"Hammocks Beach State Park, Bear Island, Onslow County,North Carolina,USA"
1-Jun-08,South Carolina,Cherry Grove,Boogie Boarding,Unprovoked,Non-fatal,"Cherry Grove,South Carolina,USA"
7-Jun-08,Florida,"Cocoa Beach, Brevard County",Boogie Boarding,Unprovoked,Non-fatal,"Cocoa Beach, Brevard County,Florida,USA"
20-Jun-08,Florida,"Fernandina Beach, Amelia Island, Nassau County",Wading,Unprovoked,Non-fatal,"Fernandina Beach, Amelia Island, Nassau County,Florida,USA"
21-Jun-08,California,"West Cove, Catalina Island",Kayaking,Unprovoked,Non-fatal,"West Cove, Catalina Island,California,USA"
26-Jun-08,South Carolina,"Isle of Palms, Charleston County",Swimming,Unprovoked,Non-fatal,"Isle of Palms, Charleston County,South Carolina,USA"
26-Jun-08,Florida,"New Smyrna Beach, Volusia County",Surfing,Unprovoked,Non-fatal,"New Smyrna Beach, Volusia County,Florida,USA"
26-Jun-08,North Carolina,"North Topsail Beach, Onslow County",Playing in the water,Unprovoked,Non-fatal,"North Topsail Beach, Onslow County,North Carolina,USA"
1-Sep-16,California,"Refugio State Beach, Santa Barbara County",Spearfishing,Unprovoked,Non-fatal,"Refugio State Beach, Santa Barbara County,California,USA"
9-Jul-08,North Carolina,"Emerald Isle, Carteret County",Swimming,Unprovoked,Non-fatal,"Emerald Isle, Carteret County,North Carolina,USA"
11-Jul-08,South Carolina,"Isle of Palms, Charleston County",Surfing,Unprovoked,Non-fatal,"Isle of Palms, Charleston County,South Carolina,USA"
19-Jul-08,Florida,"New Smyrna Beach, Volusia County",Wading,Unprovoked,Non-fatal,"New Smyrna Beach, Volusia County,Florida,USA"
24-Jul-08,North Carolina,"Topsail Island, Pender County",Wading,Unprovoked,Non-fatal,"Topsail Island, Pender County,North Carolina,USA"
24-Jul-08,North Carolina,"Surf City, Topsail Island, Pender County",Wading,Unprovoked,Non-fatal,"Surf City, Topsail Island, Pender County,North Carolina,USA"
25-Jul-08,Hawaii,"Lahilahi Point, Oahu",Snorkeling,Unprovoked,Non-fatal,"Lahilahi Point, Oahu,Hawaii,USA"
25-Jul-08,Florida,"New Smyrna Beach, Volusia County",Surfing,Unprovoked,Non-fatal,"New Smyrna Beach, Volusia County,Florida,USA"
26-Jul-08,Hawaii,"Honokowai, Maui",Swimming,Unprovoked,Non-fatal,"Honokowai, Maui,Hawaii,USA"
11-Aug-08,Hawaii,"Money Beach, Gulf County",Diving,Unprovoked,Non-fatal,"Money Beach, Gulf County,Hawaii,USA"
12-Aug-08,Florida,"New Smyrna Beach, Volusia County",Wading,Unprovoked,Non-fatal,"New Smyrna Beach, Volusia County,Florida,USA"
16-Aug-08,U.S. Virgin Islands,Buck Island,Swimming,Unprovoked,Non-fatal,"Buck Island,U.S. Virgin Islands,USA"
20-Aug-08,Florida,"Sanibel Island, Lee County",Swimming,Unprovoked,Non-fatal,"Sanibel Island, Lee County,Florida,USA"
24-Aug-08,Florida,"New Smyrna Beach, Volusia County",Swimming,Unprovoked,Non-fatal,"New Smyrna Beach, Volusia County,Florida,USA"
27-Aug-08,Florida,"New Smyrna Beach, Volusia County",Surfing,Unprovoked,Non-fatal,"New Smyrna Beach, Volusia County,Florida,USA"
28-Aug-08,Florida,"New Smyrna Beach, Volusia County",Surfing,Unprovoked,Non-fatal,"New Smyrna Beach, Volusia County,Florida,USA"
1-Sep-08,Florida,"Hutchinson Island, St. Lucie County",Surfing,Unprovoked,Non-fatal,"Hutchinson Island, St. Lucie County,Florida,USA"
1-Sep-08,Florida,"New Smyrna Beach, Volusia County",Surfing,Unprovoked,Non-fatal,"New Smyrna Beach, Volusia County,Florida,USA"
6-Sep-08,Florida,"Ponce Inlet, New Smyrna Beach, Volusia County",Surfing,Unprovoked,Non-fatal,"Ponce Inlet, New Smyrna Beach, Volusia County,Florida,USA"
6-Sep-08,Florida,"Ponce Inlet, New Smyrna Beach, Volusia County",Surfing,Unprovoked,Non-fatal,"Ponce Inlet, New Smyrna Beach, Volusia County,Florida,USA"
8-Sep-08,California,"Surf Beach, Lompoc, Santa Barbara County",Surfing,Unprovoked,Non-fatal,"Surf Beach, Lompoc, Santa Barbara County,California,USA"
9-Sep-08,Hawaii,"Ka'a'awa, Oahu",Surfing,Unprovoked,Non-fatal,"Ka'a'awa, Oahu,Hawaii,USA"
14-Sep-08,Florida,"Ormond Beach, Volusia County",Swimming,Unprovoked,Non-fatal,"Ormond Beach, Volusia County,Florida,USA"
28-Sep-08,Florida,"Bethune Beach, Volusia County",Surfing,Unprovoked,Non-fatal,"Bethune Beach, Volusia County,Florida,USA"
28-Sep-08,Florida,"New Smyrna Beach, Volusia County",Surfing,Unprovoked,Non-fatal,"New Smyrna Beach, Volusia County,Florida,USA"
8-Oct-08,Florida,"Santa Rosa Beach, Walton County",Fishing,Unprovoked,Non-fatal,"Santa Rosa Beach, Walton County,Florida,USA"
20-Dec-08,California,"Dillon Beach, Marin County",Kayaking,Unprovoked,Non-fatal,"Dillon Beach, Marin County,California,USA"
1-Jan-09,South Carolina,Charleston,Swimming,Unprovoked,Non-fatal,"Charleston,South Carolina,USA"
18-May-16,Florida,"Ponte Vedra Beach, St Johns County",Swimming,Unprovoked,Non-fatal,"Ponte Vedra Beach, St Johns County,Florida,USA"
18-Mar-09,Florida,"Ponce Inlet, New Smyrna Beach, Volusia County",Surfing,Unprovoked,Non-fatal,"Ponce Inlet, New Smyrna Beach, Volusia County,Florida,USA"
3-Apr-09,Florida,"Sanibel Island, Lee County",Wading,Unprovoked,Non-fatal,"Sanibel Island, Lee County,Florida,USA"
6-Apr-09,California,San Diego County,Spearfishing,Unprovoked,Non-fatal,"San Diego County,California,USA"
17-Apr-09,Florida,"Walton Rocks, St Lucie County",Surfing,Unprovoked,Non-fatal,"Walton Rocks, St Lucie County,Florida,USA"
19-Apr-09,Florida,"Jupiter Beach, Palm Beach County",Surfing,Unprovoked,Non-fatal,"Jupiter Beach, Palm Beach County,Florida,USA"
21-Apr-09,Florida,"New Smyrna Beach, Volusia County",Surfing,Unprovoked,Non-fatal,"New Smyrna Beach, Volusia County,Florida,USA"
25-Apr-09,California,"San Onofre State Beach, San Diego County",Surfing,Unprovoked,Non-fatal,"San Onofre State Beach, San Diego County,California,USA"
4-Sep-16,Florida,"New Smyrna Beach, Volusia County",Boogie Boarding,Unprovoked,Non-fatal,"New Smyrna Beach, Volusia County,Florida,USA"
16-May-09,Florida,"New Smyrna Beach, Volusia County",Surfing,Unprovoked,Non-fatal,"New Smyrna Beach, Volusia County,Florida,USA"
16-May-09,Florida,"New Smyrna Beach, Volusia County",Surfing,Unprovoked,Non-fatal,"New Smyrna Beach, Volusia County,Florida,USA"
17-May-09,Florida,"New Smyrna Beach, Volusia County",Surfing,Unprovoked,Non-fatal,"New Smyrna Beach, Volusia County,Florida,USA"
5-Jul-09,Florida,"Daytona Beach, Volusia County",Boogie Boarding,Unprovoked,Non-fatal,"Daytona Beach, Volusia County,Florida,USA"
11-Jul-09,California,"San Onofre State Beach, San Diego County",Paddle boarding,Unprovoked,Non-fatal,"San Onofre State Beach, San Diego County,California,USA"
22-Jul-09,Florida,"Intracoastal Waterway, St. Petersburg",Swimming,Unprovoked,Non-fatal,"Intracoastal Waterway, St. Petersburg,Florida,USA"
22-Jul-09,North Carolina,Holden Beach. Brunswick County,Swimming,Unprovoked,Non-fatal,"Holden Beach. Brunswick County,North Carolina,USA"
24-Jul-09,Texas,South Padre Island,Wading,Unprovoked,Non-fatal,"South Padre Island,Texas,USA"
1-Aug-09,Louisiana,"Curlew Island, Breton Sound",Fishing,Unprovoked,Non-fatal,"Curlew Island, Breton Sound,Louisiana,USA"
21-May-16,Florida,"Hugenot Beach , Jacksonville, Duval County",Swimming,Unprovoked,Non-fatal,"Hugenot Beach , Jacksonville, Duval County,Florida,USA"
10-Aug-09,Florida,"Ponte Vedra Beach, St Johns County",Swimming,Unprovoked,Non-fatal,"Ponte Vedra Beach, St Johns County,Florida,USA"
25-Aug-09,California,"Terramar Beach, Carlsbad, San Diego County",Swimming,Unprovoked,Non-fatal,"Terramar Beach, Carlsbad, San Diego County,California,USA"
30-Aug-09,California,"Huntington Beach, Orange County",Surfing,Unprovoked,Non-fatal,"Huntington Beach, Orange County,California,USA"
26-Sep-09,Florida,"Key Colony Beach, Monroe County",Swimming,Unprovoked,Non-fatal,"Key Colony Beach, Monroe County,Florida,USA"
9-Oct-09,California,"San Onofre State Beach, San Diego County",Surfing,Unprovoked,Non-fatal,"San Onofre State Beach, San Diego County,California,USA"
19-Oct-09,Hawaii,"Kalama Park, Maui",Surfing,Unprovoked,Non-fatal,"Kalama Park, Maui,Hawaii,USA"
24-Oct-09,California,"San Onofre State Beach, San Diego County",Surfing,Unprovoked,Non-fatal,"San Onofre State Beach, San Diego County,California,USA"
5-Nov-09,California,"Davenport, Santa Cruz County",Surfing,Unprovoked,Non-fatal,"Davenport, Santa Cruz County,California,USA"
11-Nov-09,Florida,"New Smyrna Beach, Volusia County",Surfing,Unprovoked,Non-fatal,"New Smyrna Beach, Volusia County,Florida,USA"
13-Nov-09,Florida,"Jupiter Beach, Palm Beach County",Surfing,Unprovoked,Non-fatal,"Jupiter Beach, Palm Beach County,Florida,USA"
16-Nov-09,Florida,"Jupiter Beach, Palm Beach County",Surfing,Unprovoked,Non-fatal,"Jupiter Beach, Palm Beach County,Florida,USA"
16-Nov-09,California,"Loch Lomond, Marin County",Fishing,Unprovoked,Non-fatal,"Loch Lomond, Marin County,California,USA"
24-Nov-09,Florida,"Lori Wilson Park, Cocoa Beach, Brevard County",Wading,Unprovoked,Non-fatal,"Lori Wilson Park, Cocoa Beach, Brevard County,Florida,USA"
6-Jan-10,Florida,"Florida Keys, Monroe County",Spearfishing,Unprovoked,Non-fatal,"Florida Keys, Monroe County,Florida,USA"
3-Feb-10,Florida,"Stuart, Martin County",Kite Surfing,Unprovoked,Fatal,"Stuart, Martin County,Florida,USA"
19-Apr-10,Hawaii,"Hanalei Bay, Kauai",Surfing,Unprovoked,Non-fatal,"Hanalei Bay, Kauai,Hawaii,USA"
1-May-10,Florida,"New Smyrna Beach, Volusia County",Wading,Unprovoked,Non-fatal,"New Smyrna Beach, Volusia County,Florida,USA"
1-Jun-10,Florida,"Ponte Vedra Beach, St Johns County",Surfing,Unprovoked,Non-fatal,"Ponte Vedra Beach, St Johns County,Florida,USA"
10-Jun-10,Florida,"Jacksonville Beach, Duval County",Boogie Boarding,Unprovoked,Non-fatal,"Jacksonville Beach, Duval County,Florida,USA"
25-Jun-10,North Carolina,"Topsail Island, Pender County",Swimming,Unprovoked,Non-fatal,"Topsail Island, Pender County,North Carolina,USA"
25-Jun-10,South Carolina,Fripp Island,Boogie Boarding,Unprovoked,Non-fatal,"Fripp Island,South Carolina,USA"
27-Jun-10,Texas,"Eight Mile Beach, Galveston",Surfing,Unprovoked,Non-fatal,"Eight Mile Beach, Galveston,Texas,USA"
2-Jul-10,California,"Dog Patch, San Onofre",Standing,Unprovoked,Non-fatal,"Dog Patch, San Onofre,California,USA"
2-Jul-10,California,"Pismo Beach, San Luis Obispo County",Surfing,Unprovoked,Non-fatal,"Pismo Beach, San Luis Obispo County,California,USA"
16-Jul-10,Texas,"Pirates Beach, Galveston",Fishing,Unprovoked,Non-fatal,"Pirates Beach, Galveston,Texas,USA"
17-Jul-10,Florida,"New Smyrna Beach, Volusia County",Surfing,Unprovoked,Non-fatal,"New Smyrna Beach, Volusia County,Florida,USA"
17-Jul-10,North Carolina,"Wrightsville Beach, New Hanover County",Swimming,Unprovoked,Non-fatal,"Wrightsville Beach, New Hanover County,North Carolina,USA"
19-Jul-10,South Carolina,"Myrtle Beach, Horry County",Swimming,Unprovoked,Non-fatal,"Myrtle Beach, Horry County,South Carolina,USA"
23-Jul-10,Florida,"Jacksonville Beach, Duval County",Surfing,Unprovoked,Non-fatal,"Jacksonville Beach, Duval County,Florida,USA"
25-Jul-10,South Carolina,"Isle of Palms, Charleston County",Standing,Unprovoked,Non-fatal,"Isle of Palms, Charleston County,South Carolina,USA"
2-Aug-10,Florida,"Micklers Landing, St. Johns County",Standing,Unprovoked,Non-fatal,"Micklers Landing, St. Johns County,Florida,USA"
21-May-16,Florida,"St. Petersburg, Pinellas County",Swimming,Unprovoked,Non-fatal,"St. Petersburg, Pinellas County,Florida,USA"
7-Aug-10,North Carolina,"Figure Eight Island, Wilmington, New Hanover County",Surfing,Unprovoked,Non-fatal,"Figure Eight Island, Wilmington, New Hanover County,North Carolina,USA"
14-Aug-10,California,"Pigeon Point, San Mateo County",Kayaking,Unprovoked,Non-fatal,"Pigeon Point, San Mateo County,California,USA"
18-Aug-10,Florida,Crescent Beach St. Johns County,Boogie Boarding,Unprovoked,Non-fatal,"Crescent Beach St. Johns County,Florida,USA"
3-Sep-10,Florida,"New Smyrna Beach, Volusia County",Surfing,Unprovoked,Non-fatal,"New Smyrna Beach, Volusia County,Florida,USA"
3-Sep-10,Florida,"New Smyrna Beach, Volusia County",Surfing,Unprovoked,Non-fatal,"New Smyrna Beach, Volusia County,Florida,USA"
4-Sep-10,Florida,"New Smyrna Beach, Volusia County",Surfing,Unprovoked,Non-fatal,"New Smyrna Beach, Volusia County,Florida,USA"
7-Sep-10,Florida,"St Augustine Beach, St Johns County",Swimming,Unprovoked,Non-fatal,"St Augustine Beach, St Johns County,Florida,USA"
24-Sep-10,Virginia,Sandridge Beach,Surfing,Unprovoked,Non-fatal,"Sandridge Beach,Virginia,USA"
22-May-16,Florida,"Vero Beach, Indian River County",Swimming,Unprovoked,Non-fatal,"Vero Beach, Indian River County,Florida,USA"
22-Oct-10,California,"Surf Beach, Lompoc, Santa Barbara County",Boogie Boarding,Unprovoked,Fatal,"Surf Beach, Lompoc, Santa Barbara County,California,USA"
23-Oct-10,Maine,"Burnt Cove near Eastport, Washington County",Scuba diving,Unprovoked,Non-fatal,"Burnt Cove near Eastport, Washington County,Maine,USA"
28-Oct-10,Oregon,"Florence, Lane County",Surfing,Unprovoked,Non-fatal,"Florence, Lane County,Oregon,USA"
11-Dec-10,Hawaii,"Tavares Bay, Maui",Surfing,Unprovoked,Non-fatal,"Tavares Bay, Maui,Hawaii,USA"
26-Dec-10,Hawaii,"Kahului, Maui",Boogie Boarding,Unprovoked,Non-fatal,"Kahului, Maui,Hawaii,USA"
1-Jan-11,North Carolina,Beaufort Inlet,Swimming,Unprovoked,Non-fatal,"Beaufort Inlet,North Carolina,USA"
1-Jan-11,Puerto Rico,Vieques,Floating,Unprovoked,Non-fatal,"Vieques,Puerto Rico,USA"
22-Apr-11,Florida,"New Smyrna Beach, Volusia County",Surfing,Unprovoked,Non-fatal,"New Smyrna Beach, Volusia County,Florida,USA"
26-Apr-11,Florida,"Riviera Beach, Palm Beach County",Spearfishing,Unprovoked,Non-fatal,"Riviera Beach, Palm Beach County,Florida,USA"
13-May-11,Florida,"Ormond Beach, Volusia County",Surfing,Unprovoked,Non-fatal,"Ormond Beach, Volusia County,Florida,USA"
13-May-11,Florida,"Ponte Vedra Beach, St Johns County",Boogie Boarding,Unprovoked,Non-fatal,"Ponte Vedra Beach, St Johns County,Florida,USA"
22-May-11,Hawaii,"Lyman Beach, Kailua-Kona",Paddle boarding,Unprovoked,Non-fatal,"Lyman Beach, Kailua-Kona,Hawaii,USA"
25-May-11,Hawaii,"Lyman Beach, Kailua-Kona",Surfing,Unprovoked,Non-fatal,"Lyman Beach, Kailua-Kona,Hawaii,USA"
30-May-11,Texas,"Follett's Island, Brazoria County",Boogie Boarding,Unprovoked,Non-fatal,"Follett's Island, Brazoria County,Texas,USA"
6-Jun-11,Florida,"New Smyrna Beach, Volusia County",Wading,Unprovoked,Non-fatal,"New Smyrna Beach, Volusia County,Florida,USA"
6-Jun-11,California,"La Jolla, San Diego County",Spearfishing,Unprovoked,Non-fatal,"La Jolla, San Diego County,California,USA"
12-Jun-11,Florida,"Jupiter Beach, Palm Beach County",Scuba diving,Unprovoked,Non-fatal,"Jupiter Beach, Palm Beach County,Florida,USA"
21-Jun-11,Florida,"Perdido Key, Escambia County",Jet skiing,Unprovoked,Non-fatal,"Perdido Key, Escambia County,Florida,USA"
24-Jun-11,California,"San Onofre State Beach, San Diego County",Surfing,Unprovoked,Non-fatal,"San Onofre State Beach, San Diego County,California,USA"
7-Jul-11,Texas,"Mustang Island, Nueces County",Fishing,Unprovoked,Non-fatal,"Mustang Island, Nueces County,Texas,USA"
7-Jul-11,Texas,"Sunday Beach, Matagorda Island, Calhoun County",Swimming,Unprovoked,Non-fatal,"Sunday Beach, Matagorda Island, Calhoun County,Texas,USA"
13-Jul-11,Texas,"South Padre Island, Cameron County",Fishing,Unprovoked,Non-fatal,"South Padre Island, Cameron County,Texas,USA"
19-Jul-11,North Carolina,"Ocracoke, Lifeguard Beach, National Park Service, Hyde County",Boogie Boarding,Unprovoked,Non-fatal,"Ocracoke, Lifeguard Beach, National Park Service, Hyde County,North Carolina,USA"
25-Jul-11,New Jersey,"Egg Harbor, Atlantic County",Fishing,Unprovoked,Non-fatal,"Egg Harbor, Atlantic County,New Jersey,USA"
17-Aug-11,North Carolina,"Kure Beach, New Hanover County",Wading,Unprovoked,Non-fatal,"Kure Beach, New Hanover County,North Carolina,USA"
5-Sep-16,South Carolina,"Kingston Plantation, Myrtle Beach, Horry County",Boogie Boarding,Unprovoked,Non-fatal,"Kingston Plantation, Myrtle Beach, Horry County,South Carolina,USA"
24-Aug-11,North Carolina,"Buxton Beach, Dare County",Surfing,Unprovoked,Non-fatal,"Buxton Beach, Dare County,North Carolina,USA"
28-Aug-11,Texas,"Grass Island, Aransas County",Fishing,Unprovoked,Non-fatal,"Grass Island, Aransas County,Texas,USA"
31-Aug-11,Florida,Crescent Beach St. Johns County,Surfing,Unprovoked,Non-fatal,"Crescent Beach St. Johns County,Florida,USA"
2-Sep-11,Florida,"New Smyrna Beach, Volusia County",Surfing,Unprovoked,Non-fatal,"New Smyrna Beach, Volusia County,Florida,USA"
4-Sep-11,Hawaii,"Nimitz State Beach, Oahu",Surfing,Unprovoked,Non-fatal,"Nimitz State Beach, Oahu,Hawaii,USA"
11-Sep-11,California,"Samoa Beach, Humboldt County",Surfing,Unprovoked,Non-fatal,"Samoa Beach, Humboldt County,California,USA"
16-Sep-11,Florida,"New Smyrna Beach, Volusia County",Surfing,Unprovoked,Non-fatal,"New Smyrna Beach, Volusia County,Florida,USA"
24-Sep-11,South Carolina,"North Myrtle Beach, Horry County",Playing in the water,Unprovoked,Non-fatal,"North Myrtle Beach, Horry County,South Carolina,USA"
24-Sep-11,Florida,"Santa Maria Island, Manatee County",Spearfishing,Unprovoked,Non-fatal,"Santa Maria Island, Manatee County,Florida,USA"
7-Sep-16,Hawaii,"Makaha, Oahu",Swimming,Unprovoked,Non-fatal,"Makaha, Oahu,Hawaii,USA"
2-Oct-11,Florida,"Santa Maria Island, Manatee County",Fishing,Unprovoked,Non-fatal,"Santa Maria Island, Manatee County,Florida,USA"
29-May-16,Florida,"Neptune Beach, Duval County",Swimming,Unprovoked,Non-fatal,"Neptune Beach, Duval County,Florida,USA"
11-Oct-11,Florida,Cape Canaveral,Surfing,Unprovoked,Non-fatal,"Cape Canaveral,Florida,USA"
20-Oct-11,Oregon,"Newport, Lincoln County",Surfing,Unprovoked,Non-fatal,"Newport, Lincoln County,Oregon,USA"
29-Oct-11,California,"Marina State Beach, Monterey County",Surfing,Unprovoked,Non-fatal,"Marina State Beach, Monterey County,California,USA"
22-Nov-11,California,"Pigeon Point, San Mateo County",Kayaking,Unprovoked,Non-fatal,"Pigeon Point, San Mateo County,California,USA"
29-May-16,California,"Corona Del Mar, Newport, Orange County",Swimming,Unprovoked,Non-fatal,"Corona Del Mar, Newport, Orange County,California,USA"
23-Dec-11,Florida,"New Smyrna Beach, Volusia County",Surfing,Unprovoked,Non-fatal,"New Smyrna Beach, Volusia County,Florida,USA"
11-Sep-16,Florida,"Ponte Vedra Beach, St Johns County",Wading,Unprovoked,Non-fatal,"Ponte Vedra Beach, St Johns County,Florida,USA"
13-Jan-12,Oregon,"Lincoln City, Lincoln County",Surfing,Unprovoked,Non-fatal,"Lincoln City, Lincoln County,Oregon,USA"
5-Jun-16,Florida,"Flagler Beach, Flagler County",Swimming,Unprovoked,Non-fatal,"Flagler Beach, Flagler County,Florida,USA"
4-Mar-12,Florida,"Playalinda Beach, Canaveral National Seashore, Brevard County",Kite Surfing,Unprovoked,Non-fatal,"Playalinda Beach, Canaveral National Seashore, Brevard County,Florida,USA"
14-Mar-12,Florida,"New Smyrna Beach, Volusia County",Surfing,Unprovoked,Non-fatal,"New Smyrna Beach, Volusia County,Florida,USA"
14-Mar-12,Florida,"New Smyrna Beach, Volusia County",Surfing,Unprovoked,Non-fatal,"New Smyrna Beach, Volusia County,Florida,USA"
15-Mar-12,Florida,"Jensen Beach, Martin County",Surfing,Unprovoked,Non-fatal,"Jensen Beach, Martin County,Florida,USA"
24-Mar-12,Florida,"New Smyrna Beach, Volusia County",Surfing,Unprovoked,Non-fatal,"New Smyrna Beach, Volusia County,Florida,USA"
3-Apr-12,Hawaii,"Chun's Reef, Oahu",Surfing,Unprovoked,Non-fatal,"Chun's Reef, Oahu,Hawaii,USA"
19-Apr-12,Florida,"Indialantic, Brevard County",Surfing,Unprovoked,Non-fatal,"Indialantic, Brevard County,Florida,USA"
6-May-12,California,"Catalina Island, Avalon",Paddle boarding,Unprovoked,Non-fatal,"Catalina Island, Avalon,California,USA"
9-May-12,Florida,"Vero Beach, Indian River County",Swimming,Unprovoked,Non-fatal,"Vero Beach, Indian River County,Florida,USA"
12-May-12,California,"Leffingwell Landing, Cambria, San Luis Obispo County",Kayaking,Unprovoked,Non-fatal,"Leffingwell Landing, Cambria, San Luis Obispo County,California,USA"
20-May-12,Hawaii,"Iroquiois Point, Oahu",Kayaking,Unprovoked,Non-fatal,"Iroquiois Point, Oahu,Hawaii,USA"
23-May-12,Florida,"Jacksonville, Duval County",Surfing,Unprovoked,Non-fatal,"Jacksonville, Duval County,Florida,USA"
31-May-12,North Carolina,"Avon, Hatteras Island, Outer Banks, Dare County",Wading,Unprovoked,Non-fatal,"Avon, Hatteras Island, Outer Banks, Dare County,North Carolina,USA"
2-Jun-12,South Carolina,"Myrtle Beach, Horry County",Boogie Boarding,Unprovoked,Non-fatal,"Myrtle Beach, Horry County,South Carolina,USA"
2-Jun-12,Florida,"Bethune Beach, Volusia County",Surfing,Unprovoked,Non-fatal,"Bethune Beach, Volusia County,Florida,USA"
14-Jun-12,South Carolina,"Myrtle Beach, Horry County",Swimming,Unprovoked,Non-fatal,"Myrtle Beach, Horry County,South Carolina,USA"
14-Jun-12,South Carolina,"Myrtle Beach, Horry County",Swimming,Unprovoked,Non-fatal,"Myrtle Beach, Horry County,South Carolina,USA"
14-Jun-12,South Carolina,"Myrtle Beach, Horry County",Swimming,Unprovoked,Non-fatal,"Myrtle Beach, Horry County,South Carolina,USA"
14-Jun-12,South Carolina,"Myrtle Beach, Horry County",Swimming,Unprovoked,Non-fatal,"Myrtle Beach, Horry County,South Carolina,USA"
18-Jun-12,North Carolina,"Ocean Isle, Brunswick County",Wading,Unprovoked,Non-fatal,"Ocean Isle, Brunswick County,North Carolina,USA"
22-Jun-12,Florida,"Bathtub Reef Beach, Stuart, Martin County",Swimming,Unprovoked,Non-fatal,"Bathtub Reef Beach, Stuart, Martin County,Florida,USA"
26-Jun-12,Hawaii,"Kahana Beach, Maui",Playing in the water,Unprovoked,Non-fatal,"Kahana Beach, Maui,Hawaii,USA"
26-Jun-12,Florida,"New Smyrna Beach, Volusia County",Surfing,Unprovoked,Non-fatal,"New Smyrna Beach, Volusia County,Florida,USA"
26-Jun-12,Florida,"Juno Beach, Palm Beach County",Swimming,Unprovoked,Non-fatal,"Juno Beach, Palm Beach County,Florida,USA"
7-Jul-12,California,"Pleasure Point, Santa Cruz County",Kayaking,Unprovoked,Non-fatal,"Pleasure Point, Santa Cruz County,California,USA"
8-Jul-12,North Carolina,"North Topsail Beach, Onslow County",Swimming,Unprovoked,Non-fatal,"North Topsail Beach, Onslow County,North Carolina,USA"
30-Jul-12,Massachusetts,"Ballston Beach, Truro, Cape Cod",Boogie Boarding,Unprovoked,Non-fatal,"Ballston Beach, Truro, Cape Cod,Massachusetts,USA"
30-Jul-12,Hawaii,"Maha‘ulepu Beach, Kauai",Surfing,Unprovoked,Non-fatal,"Maha‘ulepu Beach, Kauai,Hawaii,USA"
31-Jul-12,California,"Topanga Beach, Los Angeles County",Surfing,Unprovoked,Non-fatal,"Topanga Beach, Los Angeles County,California,USA"
8-Aug-12,Florida,Key Largo,Diving,Unprovoked,Non-fatal,"Key Largo,Florida,USA"
15-Aug-12,Alabama,"Gulf Shores, Baldwin County",Wading,Unprovoked,Non-fatal,"Gulf Shores, Baldwin County,Alabama,USA"
2-Sep-12,Florida,"New Smyrna Beach, Volusia County",Swimming,Unprovoked,Non-fatal,"New Smyrna Beach, Volusia County,Florida,USA"
2-Sep-12,Florida,"New Smyrna Beach, Volusia County",Boogie Boarding,Unprovoked,Non-fatal,"New Smyrna Beach, Volusia County,Florida,USA"
4-Sep-12,Florida,"Melbourne Beach, Brevard County",Surfing,Unprovoked,Non-fatal,"Melbourne Beach, Brevard County,Florida,USA"
6-Sep-12,Florida,"St Augustine Beach, St Johns County",Surfing,Unprovoked,Non-fatal,"St Augustine Beach, St Johns County,Florida,USA"
6-Sep-12,Florida,"Neptune Beach, Duval County",Surfing,Unprovoked,Non-fatal,"Neptune Beach, Duval County,Florida,USA"
8-Sep-12,Florida,"South Beach, Miami-Dade County",Swimming,Unprovoked,Non-fatal,"South Beach, Miami-Dade County,Florida,USA"
8-Sep-12,Florida,"Lori Wilson Park, Cocoa Beach, Brevard County",Surfing,Unprovoked,Non-fatal,"Lori Wilson Park, Cocoa Beach, Brevard County,Florida,USA"
9-Sep-12,Florida,"New Smyrna Beach, Volusia County",Surfing,Unprovoked,Non-fatal,"New Smyrna Beach, Volusia County,Florida,USA"
16-Sep-12,Florida,"Cocoa Beach, Brevard County",Surfing,Unprovoked,Non-fatal,"Cocoa Beach, Brevard County,Florida,USA"
24-Sep-12,Florida,"Spanish House Beach, Brevard County",Surfing,Unprovoked,Non-fatal,"Spanish House Beach, Brevard County,Florida,USA"
25-Sep-12,Florida,"Melbourne Beach, Brevard County",Surfing,Unprovoked,Non-fatal,"Melbourne Beach, Brevard County,Florida,USA"
25-Aug-16,Florida,"Ponte Vedra Beach, St Johns County",Wading,Unprovoked,Non-fatal,"Ponte Vedra Beach, St Johns County,Florida,USA"
18-Oct-12,Hawaii,"Kanaha Beach, Maui",Paddle boarding,Unprovoked,Non-fatal,"Kanaha Beach, Maui,Hawaii,USA"
18-Oct-12,Florida,"Ponce Inlet, New Smyrna Beach, Volusia County",Surfing,Unprovoked,Non-fatal,"Ponce Inlet, New Smyrna Beach, Volusia County,Florida,USA"
17-Sep-16,California,"Bunkers, Humboldt Bay, Eureka, Humboldt County",Surfing,Unprovoked,Non-fatal,"Bunkers, Humboldt Bay, Eureka, Humboldt County,California,USA"
23-Oct-12,California,"Surf Beach, Lompoc, Santa Barbara County",Surfing,Unprovoked,Fatal,"Surf Beach, Lompoc, Santa Barbara County,California,USA"
27-Oct-12,Hawaii,"Makena Landing, Maui",Swimming,Unprovoked,Non-fatal,"Makena Landing, Maui,Hawaii,USA"
30-Oct-12,California,"Humboldt Bay, Eureka, Humboldt County",Surfing,Unprovoked,Non-fatal,"Humboldt Bay, Eureka, Humboldt County,California,USA"
4-Nov-12,Hawaii,"Davidson's Surf Break, Kekaha, Kaua'i",Surfing,Unprovoked,Non-fatal,"Davidson's Surf Break, Kekaha, Kaua'i,Hawaii,USA"
4-Nov-12,Hawaii,"Makena Landing, Maui",Diving,Unprovoked,Non-fatal,"Makena Landing, Maui,Hawaii,USA"
19-Nov-12,Florida,"Melbourne Beach, Brevard County",Surfing,Unprovoked,Non-fatal,"Melbourne Beach, Brevard County,Florida,USA"
30-Nov-12,Hawaii,"Kihei, Maui",Snorkeling,Unprovoked,Non-fatal,"Kihei, Maui,Hawaii,USA"
11-Jun-16,North Carolina,"Atlantic Beach, Carteret County",Standing,Unprovoked,Non-fatal,"Atlantic Beach, Carteret County,North Carolina,USA"
31-Dec-12,Florida,"Jensen Beach, Martin County",Swimming,Unprovoked,Non-fatal,"Jensen Beach, Martin County,Florida,USA"
1-Jan-13,Hawaii,"Keawekapu Beach, Kihei, Maui",Snorkeling,Unprovoked,Non-fatal,"Keawekapu Beach, Kihei, Maui,Hawaii,USA"
16-Jan-13,Hawaii,Kiholo Bay,Surfing,Unprovoked,Non-fatal,"Kiholo Bay,Hawaii,USA"
10-Feb-13,Florida,"Stuart Rocks, Martin County",Surfing,Unprovoked,Non-fatal,"Stuart Rocks, Martin County,Florida,USA"
21-Feb-13,Hawaii,"Paia Bay, Maui",Surfing,Unprovoked,Non-fatal,"Paia Bay, Maui,Hawaii,USA"
21-Feb-13,Hawaii,"Ka’anapali Shores, Honokowai, Maui",Surfing,Unprovoked,Non-fatal,"Ka’anapali Shores, Honokowai, Maui,Hawaii,USA"
18-Sep-16,Florida,"New Smyrna Beach, Volusia County",Surfing,Unprovoked,Non-fatal,"New Smyrna Beach, Volusia County,Florida,USA"
2-Apr-13,Hawaii,"Ka’anapali Shores, Honokowai, Maui",Surfing,Unprovoked,Non-fatal,"Ka’anapali Shores, Honokowai, Maui,Hawaii,USA"
4-Apr-13,Florida,"Jensen Beach, Martin County",Swimming,Unprovoked,Non-fatal,"Jensen Beach, Martin County,Florida,USA"
13-Apr-13,Florida,"New Smyrna Beach, Volusia County",Surfing,Unprovoked,Non-fatal,"New Smyrna Beach, Volusia County,Florida,USA"
17-Apr-13,Florida,"Boynton Beach, Palm Beach County",Playing in the water,Unprovoked,Non-fatal,"Boynton Beach, Palm Beach County,Florida,USA"
4-May-13,Florida,"Melbourne Beach, Brevard County",Surfing,Unprovoked,Non-fatal,"Melbourne Beach, Brevard County,Florida,USA"
27-May-13,Florida,"Ormond Beach, Volusia County",Swimming,Unprovoked,Non-fatal,"Ormond Beach, Volusia County,Florida,USA"
27-May-13,Hawaii,"Halewia, Oahu",Diving,Unprovoked,Non-fatal,"Halewia, Oahu,Hawaii,USA"
14-Jun-13,South Carolina,"Myrtle Beach, Horry County",Boogie Boarding,Unprovoked,Non-fatal,"Myrtle Beach, Horry County,South Carolina,USA"
15-Jun-13,Florida,"Atlantic Beach, Duval County",Surfing,Unprovoked,Non-fatal,"Atlantic Beach, Duval County,Florida,USA"
17-Jun-13,Texas,"Surfside Beach, Brazoria County",Swimming,Unprovoked,Non-fatal,"Surfside Beach, Brazoria County,Texas,USA"
18-Jun-13,Hawaii,Kona Coast State Park,Swimming,Unprovoked,Non-fatal,"Kona Coast State Park,Hawaii,USA"
25-Jun-13,South Carolina,"Kiawah Island, Charleston County",Swimming,Unprovoked,Non-fatal,"Kiawah Island, Charleston County,South Carolina,USA"
25-Jun-13,Florida,"Jacksonville, Duval County",Swimming,Unprovoked,Non-fatal,"Jacksonville, Duval County,Florida,USA"
25-Jun-13,California,"Pacific State , San Mateo County",Kayaking,Unprovoked,Non-fatal,"Pacific State , San Mateo County,California,USA"
11-Jul-13,North Carolina,Holden Beach. Brunswick County,Wading,Unprovoked,Non-fatal,"Holden Beach. Brunswick County,North Carolina,USA"
17-Jul-13,Florida,"Butler Beach, St Augustine, St. Johns County",Swimming,Unprovoked,Non-fatal,"Butler Beach, St Augustine, St. Johns County,Florida,USA"
19-Jul-13,Alabama,"Gulf Shores, Baldwin County",Standing,Unprovoked,Non-fatal,"Gulf Shores, Baldwin County,Alabama,USA"
29-Jul-13,Hawaii,"White Plains Beach, Oahu",Surfing,Unprovoked,Non-fatal,"White Plains Beach, Oahu,Hawaii,USA"
30-Jul-13,South Carolina,"Isle of Palms, Charleston County",Swimming,Unprovoked,Non-fatal,"Isle of Palms, Charleston County,South Carolina,USA"
31-Jul-13,Hawaii,"Ulua Beach, Maui",Snorkeling,Unprovoked,Non-fatal,"Ulua Beach, Maui,Hawaii,USA"
5-Aug-13,Florida,"Sanibel Island, Lee County",Fishing,Unprovoked,Non-fatal,"Sanibel Island, Lee County,Florida,USA"
11-Aug-13,South Carolina,"Folly Beach, Charleston County",Surfing,Unprovoked,Non-fatal,"Folly Beach, Charleston County,South Carolina,USA"
13-Aug-13,Hawaii,"Ka'a Point, Maui",Kite Surfing,Unprovoked,Non-fatal,"Ka'a Point, Maui,Hawaii,USA"
14-Aug-13,Hawaii,"Makenat, Maui",Snorkeling,Unprovoked,Fatal,"Makenat, Maui,Hawaii,USA"
17-Aug-13,California,"Pillar Point, Half-Moon Bay, San Mateo County",Surfing,Unprovoked,Non-fatal,"Pillar Point, Half-Moon Bay, San Mateo County,California,USA"
14-Jun-16,Texas,"Pirates Beach, Galveston",Floating,Unprovoked,Non-fatal,"Pirates Beach, Galveston,Texas,USA"
25-Aug-13,Florida,"Winterhaven Park, Ponce Inlet, Volusia County",Boogie Boarding,Unprovoked,Non-fatal,"Winterhaven Park, Ponce Inlet, Volusia County,Florida,USA"
31-Aug-13,California,"Butterfly Beach, Montecito, Santa Barbara County",Swimming,Unprovoked,Non-fatal,"Butterfly Beach, Montecito, Santa Barbara County,California,USA"
1-Sep-13,Florida,"St Augustine Beach, St Johns County",Fishing,Unprovoked,Non-fatal,"St Augustine Beach, St Johns County,Florida,USA"
2-Sep-13,Florida,"Ormond Beach, Volusia County",Swimming,Unprovoked,Non-fatal,"Ormond Beach, Volusia County,Florida,USA"
7-Sep-13,Florida,"New Smyrna Beach, Volusia County",Standing,Unprovoked,Non-fatal,"New Smyrna Beach, Volusia County,Florida,USA"
18-Sep-16,Florida,"New Smyrna Beach, Volusia County",Surfing,Unprovoked,Non-fatal,"New Smyrna Beach, Volusia County,Florida,USA"
12-Sep-13,Florida,"New Smyrna Beach, Volusia County",Surfing,Unprovoked,Non-fatal,"New Smyrna Beach, Volusia County,Florida,USA"
14-Sep-13,Florida,"Casino Beach, Pensacola, Escambia County",Swimming,Unprovoked,Non-fatal,"Casino Beach, Pensacola, Escambia County,Florida,USA"
21-Sep-13,Florida,"Jupiter Beach, Palm Beach County",Surfing,Unprovoked,Non-fatal,"Jupiter Beach, Palm Beach County,Florida,USA"
21-Sep-13,Florida,"Ormond Beach, Volusia County",Swimming,Unprovoked,Non-fatal,"Ormond Beach, Volusia County,Florida,USA"
25-Sep-13,Florida,"Panama City, Bay County",Standing,Unprovoked,Non-fatal,"Panama City, Bay County,Florida,USA"
29-Sep-13,Florida,"Melbourne Beach, Brevard County",Surfing,Unprovoked,Non-fatal,"Melbourne Beach, Brevard County,Florida,USA"
6-Oct-13,California,"Bunkers, Humboldt Bay, Eureka, Humboldt County",Surfing,Unprovoked,Non-fatal,"Bunkers, Humboldt Bay, Eureka, Humboldt County,California,USA"
10-Oct-13,Florida,"New Smyrna Beach, Volusia County",Wading,Unprovoked,Non-fatal,"New Smyrna Beach, Volusia County,Florida,USA"
19-Oct-13,Florida,Miami Beach,Wading,Unprovoked,Non-fatal,"Miami Beach,Florida,USA"
20-Oct-13,Hawaii,"Pila'a Beach, Kaua'i",Surfing,Unprovoked,Non-fatal,"Pila'a Beach, Kaua'i,Hawaii,USA"
23-Oct-13,Hawaii,"Waiehu, Maui",Diving,Unprovoked,Non-fatal,"Waiehu, Maui,Hawaii,USA"
31-Oct-13,Hawaii,"Kanaha Beach, Maui",Kite Surfing,Unprovoked,Non-fatal,"Kanaha Beach, Maui,Hawaii,USA"
7-Nov-13,Florida,"Floridana Beach, Brevard County",Surfing,Unprovoked,Non-fatal,"Floridana Beach, Brevard County,Florida,USA"
7-Nov-13,New Jersey,"Bay Head, Ocean County",Boogie Boarding,Unprovoked,Non-fatal,"Bay Head, Ocean County,New Jersey,USA"
22-Nov-13,Oregon,"Gleneden Beach, Lincoln County",Surfing,Unprovoked,Non-fatal,"Gleneden Beach, Lincoln County,Oregon,USA"
15-Jun-16,Hawaii,"Kalapaki Beach, Kauai",Surfing,Unprovoked,Non-fatal,"Kalapaki Beach, Kauai,Hawaii,USA"
10-Dec-13,Florida,"Cocoa Beach, Brevard County",Surfing,Unprovoked,Non-fatal,"Cocoa Beach, Brevard County,Florida,USA"
11-Dec-13,Hawaii,"Ninole Bay, Hawaii County",Boogie Boarding,Unprovoked,Non-fatal,"Ninole Bay, Hawaii County,Hawaii,USA"
1-Jan-14,Florida,"Jacksonville Beach, Duval County",Wading,Unprovoked,Non-fatal,"Jacksonville Beach, Duval County,Florida,USA"
2-Mar-14,Florida,"Santa Lucea Beach, South Hutchinson Island, St. Lucie County",Surfing,Unprovoked,Non-fatal,"Santa Lucea Beach, South Hutchinson Island, St. Lucie County,Florida,USA"
21-Mar-14,Florida,Macarthur State Park,Surfing,Unprovoked,Non-fatal,"Macarthur State Park,Florida,USA"
22-Mar-14,Florida,Delray Beach,Kite Surfing,Unprovoked,Non-fatal,"Delray Beach,Florida,USA"
4-Apr-14,Florida,"New Smyrna Beach, Volusia County",Surfing,Unprovoked,Non-fatal,"New Smyrna Beach, Volusia County,Florida,USA"
4-Apr-14,Florida,"New Smyrna Beach, Volusia County",Surfing,Unprovoked,Non-fatal,"New Smyrna Beach, Volusia County,Florida,USA"
15-Apr-14,Florida,"New Smyrna Beach, Volusia County",Wading,Unprovoked,Non-fatal,"New Smyrna Beach, Volusia County,Florida,USA"
22-Apr-14,Florida,"Cocoa Beach, Brevard County",Swimming,Unprovoked,Non-fatal,"Cocoa Beach, Brevard County,Florida,USA"
1-May-14,Florida,"New Smyrna Beach, Volusia County",Surfing,Unprovoked,Non-fatal,"New Smyrna Beach, Volusia County,Florida,USA"
6-May-14,South Carolina,"Coligny Beach, Hilton Head, Beaufort County",Swimming,Unprovoked,Non-fatal,"Coligny Beach, Hilton Head, Beaufort County,South Carolina,USA"
11-May-14,Georgia,"Tybee Island, Chatham County",Surfing,Unprovoked,Non-fatal,"Tybee Island, Chatham County,Georgia,USA"
15-May-14,Florida,"Juan Ponce de León Landing, Melbourne Beach, Brevard County",Boogie Boarding,Unprovoked,Non-fatal,"Juan Ponce de León Landing, Melbourne Beach, Brevard County,Florida,USA"
21-Jun-16,Florida,"Pelican Beach Park, Satellite Beach, Brevard County",Wading,Unprovoked,Non-fatal,"Pelican Beach Park, Satellite Beach, Brevard County,Florida,USA"
1-Jun-14,Florida,Fort Lauderdale,Swimming,Unprovoked,Non-fatal,"Fort Lauderdale,Florida,USA"
7-Jun-14,Texas,"West Beach, Galveston",Playing in the water,Unprovoked,Non-fatal,"West Beach, Galveston,Texas,USA"
9-Jun-14,Delaware,"Cape Henlopen State Park, Sussex County",Standing,Unprovoked,Non-fatal,"Cape Henlopen State Park, Sussex County,Delaware,USA"
3-Jul-14,South Carolina,"Isle of Palms, Charleston County",Boogie Boarding,Unprovoked,Non-fatal,"Isle of Palms, Charleston County,South Carolina,USA"
5-Jul-14,California,"Oceano Dunes State Beach, San Luis Obispo County",Surfing,Unprovoked,Non-fatal,"Oceano Dunes State Beach, San Luis Obispo County,California,USA"
9-Jul-14,Florida,"New Smyrna Beach, Volusia County",Surfing,Unprovoked,Non-fatal,"New Smyrna Beach, Volusia County,Florida,USA"
12-Jul-14,North Carolina,"Masonboro Island, New Hanover County",Boogie Boarding,Unprovoked,Non-fatal,"Masonboro Island, New Hanover County,North Carolina,USA"
21-Jun-16,South Carolina,"North Myrtle Beach, Horry County",Floating,Unprovoked,Non-fatal,"North Myrtle Beach, Horry County,South Carolina,USA"
16-Jul-14,Hawaii,"Paia Bay, Maui",Swimming,Unprovoked,Non-fatal,"Paia Bay, Maui,Hawaii,USA"
21-Jul-14,Florida,"Indialantic, Brevard County",Standing,Unprovoked,Non-fatal,"Indialantic, Brevard County,Florida,USA"
27-Jul-14,North Carolina,"Sunset Beach, Brunswick County",Swimming,Unprovoked,Non-fatal,"Sunset Beach, Brunswick County,North Carolina,USA"
2-Aug-14,Florida,"Table Beach, Brevard County",Boogie Boarding,Unprovoked,Non-fatal,"Table Beach, Brevard County,Florida,USA"
2-Aug-14,Florida,"Cocoa Beach, Brevard County",Surfing,Unprovoked,Non-fatal,"Cocoa Beach, Brevard County,Florida,USA"
5-Aug-14,Florida,"Cocoa Beach, Brevard County",Swimming,Unprovoked,Non-fatal,"Cocoa Beach, Brevard County,Florida,USA"
6-Aug-14,South Carolina,"Folly Beach, Charleston County",Boogie Boarding,Unprovoked,Non-fatal,"Folly Beach, Charleston County,South Carolina,USA"
8-Aug-14,Louisiana,"Lake Ponchartain off Southshore Harbor, New Orleans",Swimming,Unprovoked,Non-fatal,"Lake Ponchartain off Southshore Harbor, New Orleans,Louisiana,USA"
9-Aug-14,Florida,"Lori Wilson Park, Cocoa Beach, Brevard County",Swimming,Unprovoked,Non-fatal,"Lori Wilson Park, Cocoa Beach, Brevard County,Florida,USA"
18-Sep-16,Florida,"New Smyrna Beach, Volusia County",Surfing,Unprovoked,Non-fatal,"New Smyrna Beach, Volusia County,Florida,USA"
12-Aug-14,Florida,"Money Beach, Gulf County",Standing,Unprovoked,Non-fatal,"Money Beach, Gulf County,Florida,USA"
25-Jun-16,North Carolina,"Atlantic Beach, Carteret County",Surfing,Unprovoked,Non-fatal,"Atlantic Beach, Carteret County,North Carolina,USA"
27-Aug-14,South Carolina,"Surfside Beach, Horry County",Standing,Unprovoked,Non-fatal,"Surfside Beach, Horry County,South Carolina,USA"
27-Aug-14,North Carolina,"Figure Eight Island, Wilmington, New Hanover County",Surfing,Unprovoked,Non-fatal,"Figure Eight Island, Wilmington, New Hanover County,North Carolina,USA"
29-Aug-14,Florida,"Ponce Inlet, New Smyrna Beach, Volusia County",Surfing,Unprovoked,Non-fatal,"Ponce Inlet, New Smyrna Beach, Volusia County,Florida,USA"
31-Aug-14,Florida,"New Smyrna Beach, Volusia County",Boogie Boarding,Unprovoked,Non-fatal,"New Smyrna Beach, Volusia County,Florida,USA"
3-Sep-14,Massachusetts,"Manomet Point, Plymouth, Plymouth County",Kayaking,Unprovoked,Non-fatal,"Manomet Point, Plymouth, Plymouth County,Massachusetts,USA"
6-Sep-14,Alabama,"Katrina Cut, Dauphin Island, Mobile County",Fishing,Unprovoked,Non-fatal,"Katrina Cut, Dauphin Island, Mobile County,Alabama,USA"
21-Sep-14,Florida,"New Smyrna Beach, Volusia County",Surfing,Unprovoked,Non-fatal,"New Smyrna Beach, Volusia County,Florida,USA"
2-Oct-14,California,"Walls Beach, Vandenberg AFB, Santa Barbara County",Surfing,Unprovoked,Non-fatal,"Walls Beach, Vandenberg AFB, Santa Barbara County,California,USA"
5-Oct-14,Florida,"New Smyrna Beach, Volusia County",Surfing,Unprovoked,Non-fatal,"New Smyrna Beach, Volusia County,Florida,USA"
5-Oct-14,Florida,"New Smyrna Beach, Volusia County",Surfing,Unprovoked,Non-fatal,"New Smyrna Beach, Volusia County,Florida,USA"
7-Oct-14,Florida,"Cherie Down Park, Brevard County",Fishing,Unprovoked,Non-fatal,"Cherie Down Park, Brevard County,Florida,USA"
12-Oct-14,Florida,"Melbourne Beach, Brevard County",Boogie Boarding,Unprovoked,Non-fatal,"Melbourne Beach, Brevard County,Florida,USA"
14-Oct-14,South Carolina,"Hilton Head Island, Beaufort County",Floating,Unprovoked,Non-fatal,"Hilton Head Island, Beaufort County,South Carolina,USA"
18-Oct-14,Hawaii,"Maalaea, South Maui",Surfing,Unprovoked,Non-fatal,"Maalaea, South Maui,Hawaii,USA"
20-Oct-14,Hawaii,"Kahului, Maui",Standing,Unprovoked,Non-fatal,"Kahului, Maui,Hawaii,USA"
22-Oct-14,Hawaii,"Kihei, Maui",Standing,Unprovoked,Non-fatal,"Kihei, Maui,Hawaii,USA"
31-Oct-14,Hawaii,"North Kohala, Hawaii County",Surfing,Unprovoked,Non-fatal,"North Kohala, Hawaii County,Hawaii,USA"
8-Nov-14,Florida,"Fort Pierce Inlet State Park, St. Lucie County",Surfing,Unprovoked,Non-fatal,"Fort Pierce Inlet State Park, St. Lucie County,Florida,USA"
14-Nov-16,Hawaii,"Kamaole Beach Park I, Maui",Floating,Unprovoked,Non-fatal,"Kamaole Beach Park I, Maui,Hawaii,USA"
16-Nov-14,Florida,"Indian Harbor Beach, Brevard County",Surfing,Unprovoked,Non-fatal,"Indian Harbor Beach, Brevard County,Florida,USA"
28-Dec-14,California,"Montaña de Oro State Park, San Luis Obispo County",Surfing,Unprovoked,Non-fatal,"Montaña de Oro State Park, San Luis Obispo County,California,USA"
1-Oct-16,Florida,"New Smyrna Beach, Volusia County",Surfing,Unprovoked,Non-fatal,"New Smyrna Beach, Volusia County,Florida,USA"
1-Jan-15,Florida,"New Smyrna Beach, Volusia County",Surfing,Unprovoked,Non-fatal,"New Smyrna Beach, Volusia County,Florida,USA"
18-Mar-15,Hawaii,Hapuna Beach,Snorkeling,Unprovoked,Non-fatal,"Hapuna Beach,Hawaii,USA"
3-Apr-15,Florida,"Jupiter Beach, Palm Beach County",Spearfishing,Unprovoked,Non-fatal,"Jupiter Beach, Palm Beach County,Florida,USA"
13-Apr-15,Florida,"Florida Keys, Monroe County",Playing in the water,Unprovoked,Non-fatal,"Florida Keys, Monroe County,Florida,USA"
26-Apr-15,Florida,"Resident's Beach, Marco Island",Wading,Unprovoked,Non-fatal,"Resident's Beach, Marco Island,Florida,USA"
29-Apr-15,Hawaii,"Kanaha Beach, Maui",Snorkeling,Unprovoked,Fatal,"Kanaha Beach, Maui,Hawaii,USA"
7-May-15,Florida,"Cocoa Beach, Brevard County",Swimming,Unprovoked,Non-fatal,"Cocoa Beach, Brevard County,Florida,USA"
2-Oct-16,Florida,"New Smyrna Beach, Volusia County",Surfing,Unprovoked,Non-fatal,"New Smyrna Beach, Volusia County,Florida,USA"
24-May-15,Florida,"Cocoa Beach, Brevard County",Swimming,Unprovoked,Non-fatal,"Cocoa Beach, Brevard County,Florida,USA"
29-May-15,Florida,"New Smyrna Beach, Volusia County",Wading,Unprovoked,Non-fatal,"New Smyrna Beach, Volusia County,Florida,USA"
29-May-15,Florida,"Cocoa Beach, Brevard County",Standing,Unprovoked,Non-fatal,"Cocoa Beach, Brevard County,Florida,USA"
5-Jun-15,Florida,Fort Lauderdale,Playing in the water,Unprovoked,Non-fatal,"Fort Lauderdale,Florida,USA"
7-Jun-15,Florida,"Lori Wilson Park, Cocoa Beach, Brevard County",Playing in the water,Unprovoked,Non-fatal,"Lori Wilson Park, Cocoa Beach, Brevard County,Florida,USA"
11-Jun-15,North Carolina,"Ocean Isle, Brunswick County",Boogie Boarding,Unprovoked,Non-fatal,"Ocean Isle, Brunswick County,North Carolina,USA"
10-Oct-16,Oregon,"Indian Beach, Ecola State Park, Clatsop County",Surfing,Unprovoked,Non-fatal,"Indian Beach, Ecola State Park, Clatsop County,Oregon,USA"
14-Jun-15,North Carolina,"Oak Island, Brunswick County",Wading,Unprovoked,Non-fatal,"Oak Island, Brunswick County,North Carolina,USA"
14-Jun-15,North Carolina,"Oak Island, Brunswick County",Wading,Unprovoked,Non-fatal,"Oak Island, Brunswick County,North Carolina,USA"
17-Jun-15,Florida,"Daytona Beach, Volusia County",Swimming,Unprovoked,Non-fatal,"Daytona Beach, Volusia County,Florida,USA"
23-Jun-15,South Carolina,"St. Helena Island, Beaufort County",Standing,Unprovoked,Non-fatal,"St. Helena Island, Beaufort County,South Carolina,USA"
24-Jun-15,North Carolina,"Surf City, Topsail Island, Pender County",Swimming,Unprovoked,Non-fatal,"Surf City, Topsail Island, Pender County,North Carolina,USA"
25-Jun-15,North Carolina,"Avon, Hatteras Island, Outer Banks, Dare County",Boogie Boarding,Unprovoked,Non-fatal,"Avon, Hatteras Island, Outer Banks, Dare County,North Carolina,USA"
26-Jun-15,South Carolina,"South Beach, Hunting Island State Park, Beaufort County",Standing,Unprovoked,Non-fatal,"South Beach, Hunting Island State Park, Beaufort County,South Carolina,USA"
27-Jun-15,North Carolina,"Rodanthe, Dare County",Swimming,Unprovoked,Non-fatal,"Rodanthe, Dare County,North Carolina,USA"
30-Jun-15,South Carolina,"Isle of Palms, Charleston County",Playing in the water,Unprovoked,Non-fatal,"Isle of Palms, Charleston County,South Carolina,USA"
1-Jul-15,North Carolina,"Ocracoke, Lifeguard Beach, National Park Service, Hyde County",Swimming,Unprovoked,Non-fatal,"Ocracoke, Lifeguard Beach, National Park Service, Hyde County,North Carolina,USA"
14-Oct-16,Hawaii,"Charlie Young Beach, Kihei, Maui",Snorkeling,Unprovoked,Non-fatal,"Charlie Young Beach, Kihei, Maui,Hawaii,USA"
10-Jul-15,California,"Huntington Beach, Orange County",Surfing,Unprovoked,Non-fatal,"Huntington Beach, Orange County,California,USA"
26-Jul-15,Florida,"Daytona Beach, Volusia County",Surfing,Unprovoked,Non-fatal,"Daytona Beach, Volusia County,Florida,USA"
18-Aug-15,California,Santa Barbara County,Kayaking,Unprovoked,Non-fatal,"Santa Barbara County,California,USA"
19-Aug-15,Florida,"Jacksonville Beach, Duval County",Standing,Unprovoked,Non-fatal,"Jacksonville Beach, Duval County,Florida,USA"
20-Aug-15,South Carolina,"Murrells Inlet, Georgetown County",Surfing,Unprovoked,Non-fatal,"Murrells Inlet, Georgetown County,South Carolina,USA"
29-Aug-15,California,"Morro Strand State Beach, San Luis Obispo County",Surfing,Unprovoked,Non-fatal,"Morro Strand State Beach, San Luis Obispo County,California,USA"
29-Aug-15,California,"Morro Strand State Beach, San Luis Obispo County",Surfing,Unprovoked,Non-fatal,"Morro Strand State Beach, San Luis Obispo County,California,USA"
21-Oct-16,Hawaii,"Hooipa Beach Park, Maui",Surfing,Unprovoked,Non-fatal,"Hooipa Beach Park, Maui,Hawaii,USA"
6-Sep-15,California,"El Pescador Beach, Los Angeles County",Standing,Unprovoked,Non-fatal,"El Pescador Beach, Los Angeles County,California,USA"
17-Sep-15,Florida,"Jacksonville Beach, Duval County",Surfing,Unprovoked,Non-fatal,"Jacksonville Beach, Duval County,Florida,USA"
18-Sep-15,Florida,"Big Talbot Island, Duval County",Swimming,Unprovoked,Non-fatal,"Big Talbot Island, Duval County,Florida,USA"
20-Sep-15,Florida,"Vilano Beach, St. Johns County",Playing in the water,Unprovoked,Non-fatal,"Vilano Beach, St. Johns County,Florida,USA"
20-Sep-15,Florida,"Fernandina Beach, Amelia Island, Nassau County",Wading,Unprovoked,Non-fatal,"Fernandina Beach, Amelia Island, Nassau County,Florida,USA"
20-Sep-15,Hawaii,"Upolu Point, North Kohala, Big Island",Spearfishing,Unprovoked,Non-fatal,"Upolu Point, North Kohala, Big Island,Hawaii,USA"
20-Sep-15,Florida,"New Smyrna Beach, Volusia County",Surfing,Unprovoked,Non-fatal,"New Smyrna Beach, Volusia County,Florida,USA"
24-Sep-15,California,"Horseshoe Rock, Santa Barbara County",Kayaking,Unprovoked,Non-fatal,"Horseshoe Rock, Santa Barbara County,California,USA"
29-Sep-15,Florida,"Vilano Beach, St. Johns County",Surfing,Unprovoked,Non-fatal,"Vilano Beach, St. Johns County,Florida,USA"
4-Oct-15,Florida,"New Smyrna Beach, Volusia County",Surfing,Unprovoked,Non-fatal,"New Smyrna Beach, Volusia County,Florida,USA"
5-Oct-15,Texas,"Pirates Beach, Galveston",Wading,Unprovoked,Non-fatal,"Pirates Beach, Galveston,Texas,USA"
5-Oct-15,Florida,"Pepper Park Beach, St. Lucie County",Boogie Boarding,Unprovoked,Non-fatal,"Pepper Park Beach, St. Lucie County,Florida,USA"
9-Oct-15,Hawaii,"Chun's Reef, Oahu",Surfing,Unprovoked,Non-fatal,"Chun's Reef, Oahu,Hawaii,USA"
9-Oct-15,South Carolina,"Shipyard Beach Club, Hilton Head Island, Beaufort County",Boogie Boarding,Unprovoked,Non-fatal,"Shipyard Beach Club, Hilton Head Island, Beaufort County,South Carolina,USA"
17-Oct-15,Hawaii,"Lanikai Beach, Kailua, Oahu",Swimming,Unprovoked,Non-fatal,"Lanikai Beach, Kailua, Oahu,Hawaii,USA"
19-Oct-15,Florida,"Deerfield Beach, Broward County",Surfing,Unprovoked,Non-fatal,"Deerfield Beach, Broward County,Florida,USA"
21-Oct-15,Florida,"Playalinda Beach, Canaveral National Seashore, Brevard County",Surfing,Unprovoked,Non-fatal,"Playalinda Beach, Canaveral National Seashore, Brevard County,Florida,USA"
28-Oct-15,Hawaii,"Malaka, Oahu",Boogie Boarding,Unprovoked,Non-fatal,"Malaka, Oahu,Hawaii,USA"
1-Nov-15,Florida,"Cocoa Beach, Brevard County",Wading,Unprovoked,Non-fatal,"Cocoa Beach, Brevard County,Florida,USA"
3-Nov-15,Hawaii,"Pirates Beach, Galveston",Swimming,Unprovoked,Non-fatal,"Pirates Beach, Galveston,Hawaii,USA"
15-Nov-15,Florida,"Ocean Reef Park, Singer Island, Palm Beach County",Surfing,Unprovoked,Non-fatal,"Ocean Reef Park, Singer Island, Palm Beach County,Florida,USA"
15-Nov-15,Florida,"Palm Beach Shores, Palm Beach County",Swimming,Unprovoked,Non-fatal,"Palm Beach Shores, Palm Beach County,Florida,USA"
16-Nov-15,Florida,"Playalinda Beach, Canaveral National Seashore, Brevard County",Surfing,Unprovoked,Non-fatal,"Playalinda Beach, Canaveral National Seashore, Brevard County,Florida,USA"
22-Dec-15,Hawaii,La'aloa Beach Park,Paddle boarding,Unprovoked,Non-fatal,"La'aloa Beach Park,Hawaii,USA"
6-Jul-16,Florida,"Melbourne Beach, Brevard County",Swimming,Unprovoked,Non-fatal,"Melbourne Beach, Brevard County,Florida,USA"
15-Jul-16,South Carolina,"North Myrtle Beach, Horry County",Swimming,Unprovoked,Non-fatal,"North Myrtle Beach, Horry County,South Carolina,USA"
25-Jan-16,Hawaii,"Hanalei Bay, Kauai",Surfing,Unprovoked,Non-fatal,"Hanalei Bay, Kauai,Hawaii,USA"
28-Jan-16,Hawaii,"Hanalei Bay, Kauai",Surfing,Unprovoked,Non-fatal,"Hanalei Bay, Kauai,Hawaii,USA"
29-Oct-16,Florida,"Mayport Naval Station, Duval County",Surfing,Unprovoked,Non-fatal,"Mayport Naval Station, Duval County,Florida,USA"
11-Mar-16,Florida,"Vero Beach, St. Lucie County",Boogie Boarding,Unprovoked,Non-fatal,"Vero Beach, St. Lucie County,Florida,USA"
30-Oct-16,Florida,"Mayport Naval Station, Duval County",Surfing,Unprovoked,Non-fatal,"Mayport Naval Station, Duval County,Florida,USA"
27-Dec-16,Florida,"Avalon State Park Beach, North Hutchinson Island, St Lucie County",Surfing,Unprovoked,Non-fatal,"Avalon State Park Beach, North Hutchinson Island, St Lucie County,Florida,USA"
7-Apr-16,Florida,"Florida Keys, Monroe County",Fishing,Unprovoked,Non-fatal,"Florida Keys, Monroe County,Florida,USA"
16-Jul-16,Florida,"New Smyrna Beach, Volusia County",Surfing,Unprovoked,Non-fatal,"New Smyrna Beach, Volusia County,Florida,USA"
